{
    "usuarios": [
      {
        "id": "a1",
        "nombres": "James Gomez",
        "email": "james@gmail.com",
        "password": "123456"
      },
      {
        "nombres": "Jhon Doe",
        "email": "jhon@gmail.com",
        "password": "123",
        "id": "IPB7fSC"
      },
      {
        "nombres": "Juan Ejemplo",
        "email": "ejemplo@gmail.com",
        "password": "123456",
        "id": "NgbZCib"
      },
      {
        "nombres": "Juan Ejemplo",
        "email": "ejemplo@gmail.com",
        "password": "123456",
        "id": "S_Faisg"
      },
      {
        "nombres": "Edu",
        "email": "edu@gmail.com",
        "password": "123",
        "id": "S_Ed"
      }
    ]
  }